{
  "version": "v1",
  "created_at": "2026-04-04T06:09:14.281041",
  "model_type": "LogisticRegression",
  "features": [
    "age",
    "gender",
    "education",
    "marital_status",
    "pay_status_m1",
    "pay_status_m2",
    "pay_status_m3",
    "pay_status_m4",
    "pay_status_m5",
    "pay_status_m6",
    "bill_amt_m1",
    "bill_amt_m2",
    "bill_amt_m3",
    "bill_amt_m4",
    "bill_amt_m5",
    "bill_amt_m6",
    "pay_amt_m1",
    "pay_amt_m2",
    "pay_amt_m3",
    "pay_amt_m4",
    "pay_amt_m5",
    "pay_amt_m6",
    "credit_limit",
    "avg_bill_6m",
    "avg_pay_6m",
    "max_bill_6m",
    "default_status_count",
    "utilization_ratio",
    "payment_to_bill_ratio"
  ],
  "metrics": {
    "train": {
      "accuracy": 0.723,
      "precision": 0.40186915887850466,
      "recall": 0.602803738317757,
      "f1": 0.4822429906542056,
      "roc_auc": 0.7150781194264109,
      "specificity": 0.7557251908396947,
      "sensitivity": 0.602803738317757,
      "confusion_matrix": {
        "tn": 594,
        "fp": 192,
        "fn": 85,
        "tp": 129
      }
    },
    "test": {
      "accuracy": 0.7459444444444444,
      "precision": 0.44325852946542604,
      "recall": 0.6149076183244748,
      "f1": 0.5151611535199322,
      "roc_auc": 0.7550299869752969,
      "specificity": 0.7827959285358389,
      "sensitivity": 0.6149076183244748,
      "confusion_matrix": {
        "tn": 21995,
        "fp": 6103,
        "fn": 3043,
        "tp": 4859
      }
    },
    "samples": {
      "train": 144000,
      "test": 36000
    }
  }
}